genotype,fitness
0,2.65537
1,1.79312
2,3.36722
3,2.00373
4,3.33185
5,2.4696
6,4.02862
7,2.66513
8,2.75641
9,1.89416
10,3.46826
11,2.10477
12,3.27088
13,2.40863
14,3.96765
15,2.60417
16,2.32639
17,1.53481
18,3.03824
19,1.74543
20,3.00287
21,2.2113
22,3.69964
23,2.40683
24,2.24453
25,1.45296
26,2.95638
27,1.66357
28,2.759
29,1.96743
30,3.45578
31,2.16297
